{"beta": [0.5007959008216858, 0.502377986907959, 0.5039601922035217, 0.5055423378944397, 0.5071245431900024, 0.5087066888809204, 0.5102888345718384, 0.5118709206581116, 0.5134530663490295, 0.5150352716445923, 0.5166173577308655, 0.5181995034217834, 0.5197817087173462, 0.5213637351989746, 0.5229460000991821, 0.5245280861854553, 0.5261102318763733, 0.5276923179626465, 0.5292745232582092, 0.5308566689491272], "kl_div": [42.41313934326172, 45.390750885009766, 36.20261001586914, 29.406970977783203, 24.170682907104492, 21.67200469970703, 17.788259506225586, 16.365388870239258, 15.047751426696777, 14.559338569641113, 13.686209678649902, 13.46731185913086, 13.365506172180176, 12.927841186523438, 12.892946243286133, 13.340997695922852, 13.67457103729248, 14.180684089660645, 15.04052448272705, 15.216203689575195], "kl_weight": [0.75, 1.0, 1.0, 1.0, 1.0, 1.0, 1.0, 1.0, 1.0, 1.0, 1.0, 1.0, 1.0, 1.0, 1.0, 1.0, 1.0, 1.0, 1.0, 1.0], "mae": [1.0155632495880127, 0.9015872478485107, 0.8191177248954773, 0.7530603408813477, 0.697139322757721, 0.6479215025901794, 0.6037511229515076, 0.5641867518424988, 0.5293644666671753, 0.4990602135658264, 0.47213709354400635, 0.44818028807640076, 0.4276926517486572, 0.4096840023994446, 0.3943953216075897, 0.3827277719974518, 0.37343284487724304, 0.3665456175804138, 0.36125555634498596, 0.357161283493042], "mse": [1.8161320686340332, 1.4788620471954346, 1.2591480016708374, 1.0959492921829224, 0.9651172161102295, 0.8549952507019043, 0.760765790939331, 0.679780900478363, 0.6125478744506836, 0.5573610067367554, 0.5127764344215393, 0.47694432735443115, 0.449460506439209, 0.42656606435775757, 0.4083954989910126, 0.3960270285606384, 0.3857669532299042, 0.37837037444114685, 0.3732389211654663, 0.36975353956222534], "recon_loss": [219.27256774902344, 139.15823364257812, 101.63890075683594, 77.69306182861328, 60.59608459472656, 47.17354202270508, 36.182106018066406, 26.50163459777832, 17.553977966308594, 8.798932075500488, -0.20620755851268768, -9.958924293518066, -20.04388999938965, -30.400835037231445, -40.42369079589844, -49.32405090332031, -57.29966354370117, -64.0536117553711, -70.06470489501953, -74.78305053710938], "total_loss": [240.52015686035156, 161.96054077148438, 119.88261413574219, 92.55902862548828, 72.85264587402344, 58.1976432800293, 45.259090423583984, 34.878379821777344, 25.280059814453125, 16.29746437072754, 6.8641180992126465, -2.9801416397094727, -13.096901893615723, -23.6607666015625, -33.68134689331055, -42.32633590698242, -50.10529708862305, -56.57048034667969, -62.10401153564453, -66.70536041259766], "val_beta": [0.501582145690918, 0.5031642913818359, 0.5047464370727539, 0.5063285827636719, 0.5079107284545898, 0.5094928741455078, 0.5110750198364258, 0.5126571655273438, 0.5142393112182617, 0.5158214569091797, 0.5174036026000977, 0.5189857482910156, 0.5205678939819336, 0.5221500396728516, 0.5237321853637695, 0.5253143310546875, 0.5268964767456055, 0.5284786224365234, 0.5300607681274414, 0.5316429138183594], "val_kl_div": [81.54598236083984, 36.366703033447266, 36.64854431152344, 35.390830993652344, 29.767860412597656, 24.578100204467773, 21.29776954650879, 20.01046371459961, 18.652414321899414, 17.520170211791992, 16.073183059692383, 14.782758712768555, 14.369932174682617, 14.49252700805664, 14.39122486114502, 14.73607349395752, 15.079242706298828, 15.66091251373291, 16.024473190307617, 16.22531509399414], "val_kl_weight": [1.0, 1.0, 1.0, 1.0, 1.0, 1.0, 1.0, 1.0, 1.0, 1.0, 1.0, 1.0, 1.0, 1.0, 1.0, 1.0, 1.0, 1.0, 1.0, 1.0], "val_mae": [0.8491536378860474, 0.7765902876853943, 0.7171988487243652, 0.6660659909248352, 0.6194165945053101, 0.5783894062042236, 0.5397778153419495, 0.5065615773200989, 0.4773711562156677, 0.45299282670021057, 0.4310506284236908, 0.4131031334400177, 0.39713042974472046, 0.3830353021621704, 0.3709642291069031, 0.3618733286857605, 0.3551509976387024, 0.34972047805786133, 0.3455517888069153, 0.3420524597167969], "val_mse": [1.3355151414871216, 1.1522513628005981, 1.0127503871917725, 0.8995307683944702, 0.7993765473365784, 0.7137723565101624, 0.6372878551483154, 0.5733880400657654, 0.521931529045105, 0.480122447013855, 0.44635191559791565, 0.42127323150634766, 0.40122777223587036, 0.3853919506072998, 0.372313529253006, 0.36363017559051514, 0.35778674483299255, 0.352633535861969, 0.3485335409641266, 0.34676745533943176], "val_recon_loss": [114.56326293945312, 86.86911010742188, 68.31453704833984, 53.35109329223633, 41.69408416748047, 31.76961326599121, 22.746606826782227, 14.517006874084473, 6.343989849090576, -1.89117431640625, -11.202457427978516, -20.91619110107422, -31.515851974487305, -42.32386016845703, -52.24019241333008, -61.13627243041992, -69.43453216552734, -77.14209747314453, -83.11939239501953, -87.96312713623047], "val_total_loss": [155.4652862548828, 105.16753387451172, 86.81275939941406, 71.2704849243164, 56.81349182128906, 44.29197692871094, 33.63136672973633, 24.7755126953125, 15.935795783996582, 7.146106243133545, -2.8861331939697266, -13.244153022766113, -24.035329818725586, -34.7565803527832, -44.70304870605469, -53.39520263671875, -61.48933410644531, -68.86563110351562, -74.62544250488281, -79.33704376220703]}